Area_Name,Year,Group_Name,Sub_Group_Name,Victims_Above_50_Yrs,Victims_Total,Victims_Upto_10_15_Yrs,Victims_Upto_10_Yrs,Victims_Upto_15_18_Yrs,Victims_Upto_18_30_Yrs
Andaman & Nicobar Islands,2001,Murder - Female Victims,2. Female Victims,NULL,6,NULL,NULL,NULL,4
Andhra Pradesh,2001,Murder - Female Victims,2. Female Victims,67,607,15,38,43,269
Arunachal Pradesh,2001,Murder - Female Victims,2. Female Victims,2,16,0,0,0,10
Assam,2001,Murder - Female Victims,2. Female Victims,11,128,8,4,23,45
Bihar,2001,Murder - Female Victims,2. Female Victims,12,366,0,0,40,191
Chandigarh,2001,Murder - Female Victims,2. Female Victims,3,5,0,0,0,1
Chhattisgarh,2001,Murder - Female Victims,2. Female Victims,63,549,14,38,38,214
Delhi,2001,Murder - Female Victims,2. Female Victims,14,152,2,12,9,74
Goa,2001,Murder - Female Victims,2. Female Victims,1,13,NULL,NULL,NULL,4
Gujarat,2001,Murder - Female Victims,2. Female Victims,26,363,9,57,8,132
Haryana,2001,Murder - Female Victims,2. Female Victims,6,143,1,12,15,67
Himachal Pradesh,2001,Murder - Female Victims,2. Female Victims,6,39,1,1,1,11
Jammu & Kashmir,2001,Murder - Female Victims,2. Female Victims,24,187,13,2,27,68
Jharkhand,2001,Murder - Female Victims,2. Female Victims,24,291,0,0,39,126
Karnataka,2001,Murder - Female Victims,2. Female Victims,51,577,13,38,24,250
Kerala,2001,Murder - Female Victims,2. Female Victims,24,156,5,36,8,25
Lakshadweep,2001,Murder - Female Victims,2. Female Victims,0,2,1,1,0,0
Madhya Pradesh,2001,Murder - Female Victims,2. Female Victims,31,622,13,41,37,281
Maharashtra,2001,Murder - Female Victims,2. Female Victims,78,1068,28,76,41,555
Manipur,2001,Murder - Female Victims,2. Female Victims,1,8,NULL,2,NULL,2
Meghalaya,2001,Murder - Female Victims,2. Female Victims,0,6,0,0,0,4
Mizoram,2001,Murder - Female Victims,2. Female Victims,0,12,0,0,0,9
Nagaland,2001,Murder - Female Victims,2. Female Victims,0,2,0,0,2,0
Odisha,2001,Murder - Female Victims,2. Female Victims,26,260,0,0,13,140
Puducherry,2001,Murder - Female Victims,2. Female Victims,NULL,10,NULL,NULL,1,5
Punjab,2001,Murder - Female Victims,2. Female Victims,11,203,1,3,21,90
Rajasthan,2001,Murder - Female Victims,2. Female Victims,32,248,4,8,15,108
Sikkim,2001,Murder - Female Victims,2. Female Victims,NULL,6,NULL,NULL,NULL,1
Tamil Nadu,2001,Murder - Female Victims,2. Female Victims,34,525,8,5,113,174
Tripura,2001,Murder - Female Victims,2. Female Victims,2,9,NULL,NULL,2,3
Uttar Pradesh,2001,Murder - Female Victims,2. Female Victims,102,1323,65,10,103,626
Uttarakhand,2001,Murder - Female Victims,2. Female Victims,4,110,2,2,1,72
West Bengal,2001,Murder - Female Victims,2. Female Victims,12,358,0,0,1,213
Andaman & Nicobar Islands,2002,Murder - Female Victims,2. Female Victims,0,7,0,0,1,2
Andhra Pradesh,2002,Murder - Female Victims,2. Female Victims,81,662,17,5,3,371
Arunachal Pradesh,2002,Murder - Female Victims,2. Female Victims,NULL,4,NULL,NULL,NULL,3
Assam,2002,Murder - Female Victims,2. Female Victims,4,111,0,0,0,64
Bihar,2002,Murder - Female Victims,2. Female Victims,6,397,0,3,2,242
Chandigarh,2002,Murder - Female Victims,2. Female Victims,2,9,0,1,0,3
Chhattisgarh,2002,Murder - Female Victims,2. Female Victims,26,228,2,5,2,111
Dadra & Nagar Haveli,2002,Murder - Female Victims,2. Female Victims,0,1,0,0,0,0
Daman & Diu,2002,Murder - Female Victims,2. Female Victims,0,2,0,0,0,2
Delhi,2002,Murder - Female Victims,2. Female Victims,14,130,3,6,2,69
Goa,2002,Murder - Female Victims,2. Female Victims,4,7,NULL,NULL,NULL,1
Gujarat,2002,Murder - Female Victims,2. Female Victims,67,594,25,57,11,252
Haryana,2002,Murder - Female Victims,2. Female Victims,6,156,3,2,1,97
Himachal Pradesh,2002,Murder - Female Victims,2. Female Victims,1,34,0,2,2,19
Jammu & Kashmir,2002,Murder - Female Victims,2. Female Victims,7,163,0,0,0,71
Jharkhand,2002,Murder - Female Victims,2. Female Victims,56,306,1,1,1,140
Karnataka,2002,Murder - Female Victims,2. Female Victims,25,595,0,7,3,346
Kerala,2002,Murder - Female Victims,2. Female Victims,27,155,5,44,2,31
Madhya Pradesh,2002,Murder - Female Victims,2. Female Victims,71,537,5,2,7,258
Maharashtra,2002,Murder - Female Victims,2. Female Victims,78,966,27,75,18,475
Manipur,2002,Murder - Female Victims,2. Female Victims,1,14,0,0,0,7
Meghalaya,2002,Murder - Female Victims,2. Female Victims,1,25,0,1,0,3
Mizoram,2002,Murder - Female Victims,2. Female Victims,0,9,0,0,0,8
Nagaland,2002,Murder - Female Victims,2. Female Victims,0,3,0,0,0,1
Odisha,2002,Murder - Female Victims,2. Female Victims,25,346,0,3,0,201
Puducherry,2002,Murder - Female Victims,2. Female Victims,1,11,NULL,1,NULL,1
Punjab,2002,Murder - Female Victims,2. Female Victims,5,141,2,1,2,74
Rajasthan,2002,Murder - Female Victims,2. Female Victims,16,261,1,10,1,131
Tamil Nadu,2002,Murder - Female Victims,2. Female Victims,66,518,8,18,2,259
Tripura,2002,Murder - Female Victims,2. Female Victims,NULL,12,NULL,NULL,0,10
Uttar Pradesh,2002,Murder - Female Victims,2. Female Victims,73,1453,57,7,84,724
Uttarakhand,2002,Murder - Female Victims,2. Female Victims,3,67,2,NULL,2,23
West Bengal,2002,Murder - Female Victims,2. Female Victims,9,272,0,3,0,188
Andaman & Nicobar Islands,2003,Murder - Female Victims,2. Female Victims,1,9,0,1,0,2
Andhra Pradesh,2003,Murder - Female Victims,2. Female Victims,74,737,8,8,12,378
Arunachal Pradesh,2003,Murder - Female Victims,2. Female Victims,0,0,0,0,0,0
Assam,2003,Murder - Female Victims,2. Female Victims,4,103,0,0,0,68
Bihar,2003,Murder - Female Victims,2. Female Victims,6,393,0,3,2,235
Chandigarh,2003,Murder - Female Victims,2. Female Victims,1,6,1,1,0,3
Chhattisgarh,2003,Murder - Female Victims,2. Female Victims,30,216,4,9,1,84
Dadra & Nagar Haveli,2003,Murder - Female Victims,2. Female Victims,1,3,NULL,NULL,NULL,1
Daman & Diu,2003,Murder - Female Victims,2. Female Victims,0,0,0,0,0,0
Delhi,2003,Murder - Female Victims,2. Female Victims,23,131,6,8,7,44
Goa,2003,Murder - Female Victims,2. Female Victims,4,14,NULL,NULL,NULL,5
Gujarat,2003,Murder - Female Victims,2. Female Victims,33,356,1,29,3,160
Haryana,2003,Murder - Female Victims,2. Female Victims,8,151,1,1,7,93
Himachal Pradesh,2003,Murder - Female Victims,2. Female Victims,5,34,0,0,1,12
Jammu & Kashmir,2003,Murder - Female Victims,2. Female Victims,3,102,0,0,0,57
Jharkhand,2003,Murder - Female Victims,2. Female Victims,30,396,1,2,1,177
Karnataka,2003,Murder - Female Victims,2. Female Victims,39,525,12,50,21,249
Kerala,2003,Murder - Female Victims,2. Female Victims,22,126,3,15,3,28
Madhya Pradesh,2003,Murder - Female Victims,2. Female Victims,50,454,4,16,39,194
Maharashtra,2003,Murder - Female Victims,2. Female Victims,70,996,22,79,18,533
Manipur,2003,Murder - Female Victims,2. Female Victims,0,11,0,1,0,8
Meghalaya,2003,Murder - Female Victims,2. Female Victims,1,10,0,0,2,4
Mizoram,2003,Murder - Female Victims,2. Female Victims,NULL,9,NULL,NULL,NULL,5
Nagaland,2003,Murder - Female Victims,2. Female Victims,0,6,0,0,0,5
Odisha,2003,Murder - Female Victims,2. Female Victims,21,333,0,3,3,178
Puducherry,2003,Murder - Female Victims,2. Female Victims,2,8,1,NULL,NULL,3
Punjab,2003,Murder - Female Victims,2. Female Victims,18,175,2,3,2,89
Rajasthan,2003,Murder - Female Victims,2. Female Victims,34,271,3,2,3,123
Sikkim,2003,Murder - Female Victims,2. Female Victims,NULL,6,NULL,1,NULL,4
Tamil Nadu,2003,Murder - Female Victims,2. Female Victims,83,543,7,7,25,239
Tripura,2003,Murder - Female Victims,2. Female Victims,NULL,23,NULL,NULL,0,18
Uttar Pradesh,2003,Murder - Female Victims,2. Female Victims,75,999,58,8,86,427
Uttarakhand,2003,Murder - Female Victims,2. Female Victims,2,62,0,0,2,28
West Bengal,2003,Murder - Female Victims,2. Female Victims,10,297,2,2,2,186
Andaman & Nicobar Islands,2004,Murder - Female Victims,2. Female Victims,0,5,0,0,0,0
Andhra Pradesh,2004,Murder - Female Victims,2. Female Victims,63,655,10,13,14,301
Arunachal Pradesh,2004,Murder - Female Victims,2. Female Victims,0,2,0,0,0,0
Assam,2004,Murder - Female Victims,2. Female Victims,4,84,0,0,0,55
Bihar,2004,Murder - Female Victims,2. Female Victims,10,425,4,2,0,269
Chandigarh,2004,Murder - Female Victims,2. Female Victims,0,8,0,2,0,3
Chhattisgarh,2004,Murder - Female Victims,2. Female Victims,32,269,5,5,7,96
Dadra & Nagar Haveli,2004,Murder - Female Victims,2. Female Victims,0,2,0,2,0,0
Daman & Diu,2004,Murder - Female Victims,2. Female Victims,NULL,1,NULL,NULL,NULL,1
Delhi,2004,Murder - Female Victims,2. Female Victims,16,125,7,14,7,51
Goa,2004,Murder - Female Victims,2. Female Victims,5,17,1,NULL,NULL,7
Gujarat,2004,Murder - Female Victims,2. Female Victims,25,340,2,53,6,157
Haryana,2004,Murder - Female Victims,2. Female Victims,6,159,0,0,2,100
Himachal Pradesh,2004,Murder - Female Victims,2. Female Victims,4,25,0,1,3,7
Jammu & Kashmir,2004,Murder - Female Victims,2. Female Victims,12,107,NULL,1,NULL,58
Jharkhand,2004,Murder - Female Victims,2. Female Victims,30,399,1,2,1,179
Karnataka,2004,Murder - Female Victims,2. Female Victims,51,561,0,23,2,313
Kerala,2004,Murder - Female Victims,2. Female Victims,29,137,6,16,2,26
Madhya Pradesh,2004,Murder - Female Victims,2. Female Victims,51,494,4,1,18,262
Maharashtra,2004,Murder - Female Victims,2. Female Victims,87,1004,10,69,16,523
Manipur,2004,Murder - Female Victims,2. Female Victims,1,15,0,0,0,8
Meghalaya,2004,Murder - Female Victims,2. Female Victims,0,8,0,0,1,6
Mizoram,2004,Murder - Female Victims,2. Female Victims,1,4,0,0,0,2
Nagaland,2004,Murder - Female Victims,2. Female Victims,0,17,0,0,0,8
Odisha,2004,Murder - Female Victims,2. Female Victims,18,357,3,1,0,221
Puducherry,2004,Murder - Female Victims,2. Female Victims,0,3,NULL,NULL,NULL,1
Punjab,2004,Murder - Female Victims,2. Female Victims,17,194,4,13,2,84
Rajasthan,2004,Murder - Female Victims,2. Female Victims,34,287,2,4,2,146
Sikkim,2004,Murder - Female Victims,2. Female Victims,1,5,0,2,0,2
Tamil Nadu,2004,Murder - Female Victims,2. Female Victims,56,493,6,34,0,240
Tripura,2004,Murder - Female Victims,2. Female Victims,6,44,1,0,0,27
Uttar Pradesh,2004,Murder - Female Victims,2. Female Victims,86,1401,71,56,124,613
Uttarakhand,2004,Murder - Female Victims,2. Female Victims,5,47,0,2,0,22
West Bengal,2004,Murder - Female Victims,2. Female Victims,14,425,1,1,0,218
Andaman & Nicobar Islands,2005,Murder - Female Victims,2. Female Victims,NULL,4,NULL,NULL,NULL,1
Andhra Pradesh,2005,Murder - Female Victims,2. Female Victims,68,722,7,14,7,324
Arunachal Pradesh,2005,Murder - Female Victims,2. Female Victims,0,1,0,0,0,1
Assam,2005,Murder - Female Victims,2. Female Victims,4,65,0,0,0,42
Bihar,2005,Murder - Female Victims,2. Female Victims,16,442,2,9,3,310
Chandigarh,2005,Murder - Female Victims,2. Female Victims,1,3,0,1,0,1
Chhattisgarh,2005,Murder - Female Victims,2. Female Victims,35,323,6,4,5,125
Delhi,2005,Murder - Female Victims,2. Female Victims,15,158,3,7,3,87
Goa,2005,Murder - Female Victims,2. Female Victims,1,14,NULL,3,NULL,7
Gujarat,2005,Murder - Female Victims,2. Female Victims,31,346,8,29,2,125
Haryana,2005,Murder - Female Victims,2. Female Victims,15,143,1,3,4,80
Himachal Pradesh,2005,Murder - Female Victims,2. Female Victims,1,36,0,3,3,13
Jammu & Kashmir,2005,Murder - Female Victims,2. Female Victims,0,102,0,2,0,64
Jharkhand,2005,Murder - Female Victims,2. Female Victims,16,173,6,0,44,62
Karnataka,2005,Murder - Female Victims,2. Female Victims,51,585,2,17,3,306
Kerala,2005,Murder - Female Victims,2. Female Victims,30,147,7,36,NULL,25
Lakshadweep,2005,Murder - Female Victims,2. Female Victims,NULL,1,NULL,NULL,NULL,1
Madhya Pradesh,2005,Murder - Female Victims,2. Female Victims,56,528,15,10,20,248
Maharashtra,2005,Murder - Female Victims,2. Female Victims,67,980,17,77,19,488
Manipur,2005,Murder - Female Victims,2. Female Victims,0,19,1,1,1,12
Meghalaya,2005,Murder - Female Victims,2. Female Victims,2,19,0,1,4,8
Mizoram,2005,Murder - Female Victims,2. Female Victims,1,4,0,0,0,2
Nagaland,2005,Murder - Female Victims,2. Female Victims,2,17,0,0,0,13
Odisha,2005,Murder - Female Victims,2. Female Victims,32,326,2,1,3,162
Puducherry,2005,Murder - Female Victims,2. Female Victims,3,9,NULL,NULL,NULL,5
Punjab,2005,Murder - Female Victims,2. Female Victims,13,187,4,4,1,87
Rajasthan,2005,Murder - Female Victims,2. Female Victims,29,296,4,14,9,124
Sikkim,2005,Murder - Female Victims,2. Female Victims,NULL,4,NULL,NULL,NULL,2
Tamil Nadu,2005,Murder - Female Victims,2. Female Victims,65,462,7,32,NULL,199
Tripura,2005,Murder - Female Victims,2. Female Victims,4,64,NULL,1,0,49
Uttar Pradesh,2005,Murder - Female Victims,2. Female Victims,71,1354,59,19,63,695
Uttarakhand,2005,Murder - Female Victims,2. Female Victims,1,53,0,2,0,25
West Bengal,2005,Murder - Female Victims,2. Female Victims,14,365,1,0,0,269
Andaman & Nicobar Islands,2006,Murder - Female Victims,2. Female Victims,NULL,1,NULL,NULL,NULL,NULL
Andhra Pradesh,2006,Murder - Female Victims,2. Female Victims,80,744,9,16,11,322
Arunachal Pradesh,2006,Murder - Female Victims,2. Female Victims,0,0,0,0,0,0
Assam,2006,Murder - Female Victims,2. Female Victims,2,76,0,0,0,43
Bihar,2006,Murder - Female Victims,2. Female Victims,8,413,1,2,2,282
Chandigarh,2006,Murder - Female Victims,2. Female Victims,3,4,0,0,0,0
Chhattisgarh,2006,Murder - Female Victims,2. Female Victims,40,336,7,4,10,159
Dadra & Nagar Haveli,2006,Murder - Female Victims,2. Female Victims,0,3,0,0,0,2
Daman & Diu,2006,Murder - Female Victims,2. Female Victims,0,2,0,2,0,0
Delhi,2006,Murder - Female Victims,2. Female Victims,8,128,2,12,8,75
Goa,2006,Murder - Female Victims,2. Female Victims,3,10,NULL,NULL,1,4
Gujarat,2006,Murder - Female Victims,2. Female Victims,29,366,4,34,3,150
Haryana,2006,Murder - Female Victims,2. Female Victims,8,156,1,0,2,90
Himachal Pradesh,2006,Murder - Female Victims,2. Female Victims,5,31,1,1,0,11
Jammu & Kashmir,2006,Murder - Female Victims,2. Female Victims,1,76,1,0,5,37
Jharkhand,2006,Murder - Female Victims,2. Female Victims,33,214,1,1,38,83
Karnataka,2006,Murder - Female Victims,2. Female Victims,64,588,3,30,2,294
Kerala,2006,Murder - Female Victims,2. Female Victims,27,138,3,35,2,30
Madhya Pradesh,2006,Murder - Female Victims,2. Female Victims,74,510,14,14,22,200
Maharashtra,2006,Murder - Female Victims,2. Female Victims,76,995,14,75,27,482
Manipur,2006,Murder - Female Victims,2. Female Victims,1,9,0,0,1,5
Meghalaya,2006,Murder - Female Victims,2. Female Victims,0,11,0,1,0,7
Mizoram,2006,Murder - Female Victims,2. Female Victims,0,3,0,0,0,3
Nagaland,2006,Murder - Female Victims,2. Female Victims,2,8,0,0,0,3
Odisha,2006,Murder - Female Victims,2. Female Victims,12,384,0,3,2,192
Puducherry,2006,Murder - Female Victims,2. Female Victims,1,9,NULL,NULL,NULL,3
Punjab,2006,Murder - Female Victims,2. Female Victims,24,237,5,3,4,120
Rajasthan,2006,Murder - Female Victims,2. Female Victims,30,249,6,11,6,113
Sikkim,2006,Murder - Female Victims,2. Female Victims,1,7,NULL,NULL,NULL,3
Tamil Nadu,2006,Murder - Female Victims,2. Female Victims,82,515,9,33,4,206
Tripura,2006,Murder - Female Victims,2. Female Victims,4,34,NULL,NULL,NULL,22
Uttar Pradesh,2006,Murder - Female Victims,2. Female Victims,57,927,63,11,82,408
Uttarakhand,2006,Murder - Female Victims,2. Female Victims,2,55,0,2,1,17
West Bengal,2006,Murder - Female Victims,2. Female Victims,17,447,0,0,0,335
Andaman & Nicobar Islands,2007,Murder - Female Victims,2. Female Victims,1,6,NULL,NULL,NULL,3
Andhra Pradesh,2007,Murder - Female Victims,2. Female Victims,67,886,16,26,10,415
Arunachal Pradesh,2007,Murder - Female Victims,2. Female Victims,0,3,0,0,0,3
Assam,2007,Murder - Female Victims,2. Female Victims,0,88,0,0,0,51
Bihar,2007,Murder - Female Victims,2. Female Victims,14,390,0,4,15,237
Chandigarh,2007,Murder - Female Victims,2. Female Victims,1,6,0,2,0,3
Chhattisgarh,2007,Murder - Female Victims,2. Female Victims,71,310,4,3,3,100
Dadra & Nagar Haveli,2007,Murder - Female Victims,2. Female Victims,NULL,4,NULL,NULL,NULL,2
Daman & Diu,2007,Murder - Female Victims,2. Female Victims,0,1,0,0,0,1
Delhi,2007,Murder - Female Victims,2. Female Victims,13,127,3,10,5,71
Goa,2007,Murder - Female Victims,2. Female Victims,4,16,NULL,2,NULL,6
Gujarat,2007,Murder - Female Victims,2. Female Victims,28,314,5,33,5,117
Haryana,2007,Murder - Female Victims,2. Female Victims,7,167,8,14,9,84
Himachal Pradesh,2007,Murder - Female Victims,2. Female Victims,2,35,1,2,1,15
Jammu & Kashmir,2007,Murder - Female Victims,2. Female Victims,2,40,0,0,0,26
Jharkhand,2007,Murder - Female Victims,2. Female Victims,27,237,1,2,5,87
Karnataka,2007,Murder - Female Victims,2. Female Victims,41,505,4,17,6,289
Kerala,2007,Murder - Female Victims,2. Female Victims,28,141,1,22,4,34
Madhya Pradesh,2007,Murder - Female Victims,2. Female Victims,64,551,7,33,11,253
Maharashtra,2007,Murder - Female Victims,2. Female Victims,89,1014,15,73,19,521
Manipur,2007,Murder - Female Victims,2. Female Victims,2,20,0,0,2,8
Meghalaya,2007,Murder - Female Victims,2. Female Victims,0,7,0,2,0,3
Mizoram,2007,Murder - Female Victims,2. Female Victims,0,18,1,0,1,11
Nagaland,2007,Murder - Female Victims,2. Female Victims,0,14,0,1,1,9
Odisha,2007,Murder - Female Victims,2. Female Victims,6,372,2,2,4,242
Puducherry,2007,Murder - Female Victims,2. Female Victims,2,10,NULL,1,NULL,4
Punjab,2007,Murder - Female Victims,2. Female Victims,18,225,5,3,4,120
Rajasthan,2007,Murder - Female Victims,2. Female Victims,25,319,12,10,6,143
Sikkim,2007,Murder - Female Victims,2. Female Victims,NULL,3,1,NULL,NULL,2
Tamil Nadu,2007,Murder - Female Victims,2. Female Victims,86,604,8,31,3,261
Tripura,2007,Murder - Female Victims,2. Female Victims,8,50,NULL,3,2,19
Uttar Pradesh,2007,Murder - Female Victims,2. Female Victims,68,899,63,24,74,382
Uttarakhand,2007,Murder - Female Victims,2. Female Victims,7,77,3,2,NULL,53
West Bengal,2007,Murder - Female Victims,2. Female Victims,21,647,0,7,3,441
Andaman & Nicobar Islands,2008,Murder - Female Victims,2. Female Victims,NULL,2,2,NULL,NULL,NULL
Andhra Pradesh,2008,Murder - Female Victims,2. Female Victims,82,830,7,25,9,411
Arunachal Pradesh,2008,Murder - Female Victims,2. Female Victims,0,1,0,0,0,0
Assam,2008,Murder - Female Victims,2. Female Victims,0,103,0,0,0,61
Bihar,2008,Murder - Female Victims,2. Female Victims,18,637,8,12,12,436
Chandigarh,2008,Murder - Female Victims,2. Female Victims,1,6,0,0,0,3
Chhattisgarh,2008,Murder - Female Victims,2. Female Victims,40,363,7,10,27,129
Dadra & Nagar Haveli,2008,Murder - Female Victims,2. Female Victims,1,4,1,NULL,NULL,NULL
Daman & Diu,2008,Murder - Female Victims,2. Female Victims,NULL,0,NULL,NULL,NULL,0
Delhi,2008,Murder - Female Victims,2. Female Victims,7,116,1,4,2,63
Goa,2008,Murder - Female Victims,2. Female Victims,5,20,1,2,0,8
Gujarat,2008,Murder - Female Victims,2. Female Victims,29,340,3,24,2,137
Haryana,2008,Murder - Female Victims,2. Female Victims,12,185,5,3,5,97
Himachal Pradesh,2008,Murder - Female Victims,2. Female Victims,4,36,2,1,3,10
Jammu & Kashmir,2008,Murder - Female Victims,2. Female Victims,2,30,0,0,0,13
Jharkhand,2008,Murder - Female Victims,2. Female Victims,25,266,0,2,1,115
Karnataka,2008,Murder - Female Victims,2. Female Victims,43,624,17,49,14,272
Kerala,2008,Murder - Female Victims,2. Female Victims,23,128,5,25,NULL,24
Lakshadweep,2008,Murder - Female Victims,2. Female Victims,NULL,1,NULL,NULL,NULL,NULL
Madhya Pradesh,2008,Murder - Female Victims,2. Female Victims,64,516,13,11,6,235
Maharashtra,2008,Murder - Female Victims,2. Female Victims,73,1049,11,62,21,541
Manipur,2008,Murder - Female Victims,2. Female Victims,0,19,0,2,0,9
Meghalaya,2008,Murder - Female Victims,2. Female Victims,0,15,0,0,0,11
Mizoram,2008,Murder - Female Victims,2. Female Victims,0,2,0,0,0,1
Nagaland,2008,Murder - Female Victims,2. Female Victims,0,6,0,0,0,5
Odisha,2008,Murder - Female Victims,2. Female Victims,47,545,2,2,0,257
Puducherry,2008,Murder - Female Victims,2. Female Victims,2,8,NULL,NULL,NULL,5
Punjab,2008,Murder - Female Victims,2. Female Victims,17,219,5,3,7,120
Rajasthan,2008,Murder - Female Victims,2. Female Victims,30,287,6,8,12,129
Sikkim,2008,Murder - Female Victims,2. Female Victims,NULL,3,NULL,NULL,NULL,3
Tamil Nadu,2008,Murder - Female Victims,2. Female Victims,93,624,3,45,4,233
Tripura,2008,Murder - Female Victims,2. Female Victims,4,63,2,3,1,36
Uttar Pradesh,2008,Murder - Female Victims,2. Female Victims,65,840,55,30,73,360
Uttarakhand,2008,Murder - Female Victims,2. Female Victims,3,48,NULL,NULL,NULL,29
West Bengal,2008,Murder - Female Victims,2. Female Victims,16,250,0,1,5,175
Andaman & Nicobar Islands,2009,Murder - Female Victims,2. Female Victims,NULL,8,NULL,1,NULL,3
Andhra Pradesh,2009,Murder - Female Victims,2. Female Victims,91,800,6,18,7,379
Arunachal Pradesh,2009,Murder - Female Victims,2. Female Victims,0,1,0,0,0,1
Assam,2009,Murder - Female Victims,2. Female Victims,0,97,0,0,0,62
Bihar,2009,Murder - Female Victims,2. Female Victims,18,672,5,9,27,439
Chandigarh,2009,Murder - Female Victims,2. Female Victims,0,3,0,0,0,1
Chhattisgarh,2009,Murder - Female Victims,2. Female Victims,44,326,2,15,7,124
Dadra & Nagar Haveli,2009,Murder - Female Victims,2. Female Victims,NULL,6,NULL,NULL,NULL,3
Daman & Diu,2009,Murder - Female Victims,2. Female Victims,NULL,1,NULL,NULL,NULL,1
Delhi,2009,Murder - Female Victims,2. Female Victims,18,126,4,13,2,48
Goa,2009,Murder - Female Victims,2. Female Victims,3,31,0,1,1,14
Gujarat,2009,Murder - Female Victims,2. Female Victims,34,325,6,34,2,120
Haryana,2009,Murder - Female Victims,2. Female Victims,15,221,2,0,2,96
Himachal Pradesh,2009,Murder - Female Victims,2. Female Victims,9,39,1,4,1,10
Jammu & Kashmir,2009,Murder - Female Victims,2. Female Victims,4,46,0,0,0,26
Jharkhand,2009,Murder - Female Victims,2. Female Victims,8,201,1,1,0,119
Karnataka,2009,Murder - Female Victims,2. Female Victims,66,679,9,16,7,335
Kerala,2009,Murder - Female Victims,2. Female Victims,18,109,4,17,5,20
Madhya Pradesh,2009,Murder - Female Victims,2. Female Victims,77,625,11,18,11,277
Maharashtra,2009,Murder - Female Victims,2. Female Victims,104,1000,15,79,18,490
Manipur,2009,Murder - Female Victims,2. Female Victims,2,18,1,2,1,5
Meghalaya,2009,Murder - Female Victims,2. Female Victims,1,22,0,0,3,16
Mizoram,2009,Murder - Female Victims,2. Female Victims,0,3,0,0,0,3
Nagaland,2009,Murder - Female Victims,2. Female Victims,0,9,0,0,0,9
Odisha,2009,Murder - Female Victims,2. Female Victims,40,460,1,3,0,215
Puducherry,2009,Murder - Female Victims,2. Female Victims,1,10,NULL,1,NULL,3
Punjab,2009,Murder - Female Victims,2. Female Victims,14,203,6,15,8,92
Rajasthan,2009,Murder - Female Victims,2. Female Victims,35,328,8,13,8,150
Sikkim,2009,Murder - Female Victims,2. Female Victims,NULL,6,NULL,1,NULL,3
Tamil Nadu,2009,Murder - Female Victims,2. Female Victims,93,587,6,45,5,214
Tripura,2009,Murder - Female Victims,2. Female Victims,4,57,3,4,3,22
Uttar Pradesh,2009,Murder - Female Victims,2. Female Victims,81,955,56,38,71,443
Uttarakhand,2009,Murder - Female Victims,2. Female Victims,1,51,1,1,NULL,38
West Bengal,2009,Murder - Female Victims,2. Female Victims,25,693,5,2,4,409
Andaman & Nicobar Islands,2010,Murder - Female Victims,2. Female Victims,NULL,5,NULL,NULL,2,NULL
Andhra Pradesh,2010,Murder - Female Victims,2. Female Victims,143,624,12,15,6,235
Arunachal Pradesh,2010,Murder - Female Victims,2. Female Victims,0,2,0,0,0,2
Assam,2010,Murder - Female Victims,2. Female Victims,NULL,86,NULL,NULL,NULL,51
Bihar,2010,Murder - Female Victims,2. Female Victims,31,662,14,10,50,370
Chandigarh,2010,Murder - Female Victims,2. Female Victims,1,2,0,0,0,1
Chhattisgarh,2010,Murder - Female Victims,2. Female Victims,40,357,5,13,19,127
Dadra & Nagar Haveli,2010,Murder - Female Victims,2. Female Victims,NULL,1,NULL,NULL,NULL,1
Delhi,2010,Murder - Female Victims,2. Female Victims,14,119,3,4,4,55
Goa,2010,Murder - Female Victims,2. Female Victims,0,7,0,0,1,5
Gujarat,2010,Murder - Female Victims,2. Female Victims,21,268,4,19,0,131
Haryana,2010,Murder - Female Victims,2. Female Victims,14,213,4,2,6,99
Himachal Pradesh,2010,Murder - Female Victims,2. Female Victims,2,28,0,3,0,11
Jammu & Kashmir,2010,Murder - Female Victims,2. Female Victims,3,30,0,1,0,15
Jharkhand,2010,Murder - Female Victims,2. Female Victims,12,256,0,0,1,141
Karnataka,2010,Murder - Female Victims,2. Female Victims,57,731,3,27,5,377
Kerala,2010,Murder - Female Victims,2. Female Victims,27,126,6,16,0,24
Madhya Pradesh,2010,Murder - Female Victims,2. Female Victims,60,551,13,21,9,246
Maharashtra,2010,Murder - Female Victims,2. Female Victims,84,1047,16,78,14,552
Manipur,2010,Murder - Female Victims,2. Female Victims,1,19,0,0,0,5
Meghalaya,2010,Murder - Female Victims,2. Female Victims,2,11,0,1,0,5
Mizoram,2010,Murder - Female Victims,2. Female Victims,1,8,0,0,1,0
Nagaland,2010,Murder - Female Victims,2. Female Victims,3,5,0,0,0,1
Odisha,2010,Murder - Female Victims,2. Female Victims,32,536,0,5,1,262
Puducherry,2010,Murder - Female Victims,2. Female Victims,NULL,4,NULL,NULL,NULL,3
Punjab,2010,Murder - Female Victims,2. Female Victims,21,242,6,11,6,107
Rajasthan,2010,Murder - Female Victims,2. Female Victims,32,306,8,14,9,130
Sikkim,2010,Murder - Female Victims,2. Female Victims,NULL,8,1,1,NULL,3
Tamil Nadu,2010,Murder - Female Victims,2. Female Victims,100,629,5,38,9,236
Tripura,2010,Murder - Female Victims,2. Female Victims,8,63,1,NULL,0,24
Uttar Pradesh,2010,Murder - Female Victims,2. Female Victims,56,859,30,62,47,421
Uttarakhand,2010,Murder - Female Victims,2. Female Victims,6,44,NULL,NULL,2,25
West Bengal,2010,Murder - Female Victims,2. Female Victims,36,893,3,2,2,542
Andaman & Nicobar Islands,2001,Murder - Male Victims,1. Male Victims,NULL,7,1,NULL,NULL,3
Andhra Pradesh,2001,Murder - Male Victims,1. Male Victims,215,2176,59,35,88,827
Arunachal Pradesh,2001,Murder - Male Victims,1. Male Victims,4,67,0,0,0,31
Assam,2001,Murder - Male Victims,1. Male Victims,67,1228,30,17,169,577
Bihar,2001,Murder - Male Victims,1. Male Victims,227,3277,2,2,156,1484
Chandigarh,2001,Murder - Male Victims,1. Male Victims,1,10,0,0,0,4
Chhattisgarh,2001,Murder - Male Victims,1. Male Victims,142,1108,12,30,30,341
Dadra & Nagar Haveli,2001,Murder - Male Victims,1. Male Victims,NULL,3,NULL,NULL,NULL,1
Delhi,2001,Murder - Male Victims,1. Male Victims,28,422,10,13,12,231
Goa,2001,Murder - Male Victims,1. Male Victims,2,24,NULL,1,NULL,11
Gujarat,2001,Murder - Male Victims,1. Male Victims,87,917,11,50,18,335
Haryana,2001,Murder - Male Victims,1. Male Victims,38,675,11,24,47,291
Himachal Pradesh,2001,Murder - Male Victims,1. Male Victims,8,83,0,3,1,29
Jammu & Kashmir,2001,Murder - Male Victims,1. Male Victims,167,1225,37,8,160,385
Jharkhand,2001,Murder - Male Victims,1. Male Victims,136,1216,3,4,121,470
Karnataka,2001,Murder - Male Victims,1. Male Victims,130,1101,9,42,36,450
Kerala,2001,Murder - Male Victims,1. Male Victims,55,333,8,27,9,88
Madhya Pradesh,2001,Murder - Male Victims,1. Male Victims,70,1803,25,32,129,693
Maharashtra,2001,Murder - Male Victims,1. Male Victims,219,1882,28,113,39,740
Manipur,2001,Murder - Male Victims,1. Male Victims,10,225,NULL,NULL,8,137
Meghalaya,2001,Murder - Male Victims,1. Male Victims,1,163,0,0,0,112
Mizoram,2001,Murder - Male Victims,1. Male Victims,2,19,0,0,3,8
Nagaland,2001,Murder - Male Victims,1. Male Victims,3,107,1,0,3,64
Odisha,2001,Murder - Male Victims,1. Male Victims,46,745,2,0,43,350
Puducherry,2001,Murder - Male Victims,1. Male Victims,3,15,NULL,NULL,NULL,5
Punjab,2001,Murder - Male Victims,1. Male Victims,43,584,9,7,35,268
Rajasthan,2001,Murder - Male Victims,1. Male Victims,101,1027,14,10,32,389
Sikkim,2001,Murder - Male Victims,1. Male Victims,2,13,NULL,1,NULL,7
Tamil Nadu,2001,Murder - Male Victims,1. Male Victims,136,1137,8,3,136,391
Tripura,2001,Murder - Male Victims,1. Male Victims,20,231,6,NULL,15,90
Uttar Pradesh,2001,Murder - Male Victims,1. Male Victims,722,6857,93,29,189,3098
Uttarakhand,2001,Murder - Male Victims,1. Male Victims,27,271,3,2,3,52
West Bengal,2001,Murder - Male Victims,1. Male Victims,82,1315,2,1,2,676
Andaman & Nicobar Islands,2002,Murder - Male Victims,1. Male Victims,2,10,0,0,0,4
Andhra Pradesh,2002,Murder - Male Victims,1. Male Victims,194,1989,3,7,10,949
Arunachal Pradesh,2002,Murder - Male Victims,1. Male Victims,NULL,57,NULL,NULL,0,31
Assam,2002,Murder - Male Victims,1. Male Victims,21,1142,0,2,0,763
Bihar,2002,Murder - Male Victims,1. Male Victims,155,3434,3,4,3,1874
Chandigarh,2002,Murder - Male Victims,1. Male Victims,1,22,0,2,0,9
Chhattisgarh,2002,Murder - Male Victims,1. Male Victims,80,616,5,19,2,153
Dadra & Nagar Haveli,2002,Murder - Male Victims,1. Male Victims,1,10,0,0,0,2
Daman & Diu,2002,Murder - Male Victims,1. Male Victims,0,6,0,0,0,3
Delhi,2002,Murder - Male Victims,1. Male Victims,26,411,8,8,8,243
Goa,2002,Murder - Male Victims,1. Male Victims,6,24,NULL,1,1,9
Gujarat,2002,Murder - Male Victims,1. Male Victims,189,1733,16,72,31,723
Haryana,2002,Murder - Male Victims,1. Male Victims,32,655,8,4,4,336
Himachal Pradesh,2002,Murder - Male Victims,1. Male Victims,13,98,1,3,2,36
Jammu & Kashmir,2002,Murder - Male Victims,1. Male Victims,87,1144,0,0,2,493
Jharkhand,2002,Murder - Male Victims,1. Male Victims,238,1182,1,2,2,495
Karnataka,2002,Murder - Male Victims,1. Male Victims,131,1109,3,11,4,480
Kerala,2002,Murder - Male Victims,1. Male Victims,50,299,4,20,5,87
Madhya Pradesh,2002,Murder - Male Victims,1. Male Victims,144,1858,7,6,67,891
Maharashtra,2002,Murder - Male Victims,1. Male Victims,275,2025,27,81,27,716
Manipur,2002,Murder - Male Victims,1. Male Victims,5,208,0,NULL,0,123
Meghalaya,2002,Murder - Male Victims,1. Male Victims,3,159,0,0,2,76
Mizoram,2002,Murder - Male Victims,1. Male Victims,2,20,0,0,0,15
Nagaland,2002,Murder - Male Victims,1. Male Victims,1,105,2,0,7,71
Odisha,2002,Murder - Male Victims,1. Male Victims,48,802,2,2,0,378
Puducherry,2002,Murder - Male Victims,1. Male Victims,1,20,NULL,1,NULL,6
Punjab,2002,Murder - Male Victims,1. Male Victims,44,631,3,3,2,245
Rajasthan,2002,Murder - Male Victims,1. Male Victims,92,1063,1,5,2,432
Sikkim,2002,Murder - Male Victims,1. Male Victims,NULL,13,NULL,NULL,2,4
Tamil Nadu,2002,Murder - Male Victims,1. Male Victims,197,1269,4,11,2,512
Tripura,2002,Murder - Male Victims,1. Male Victims,22,189,NULL,NULL,0,95
Uttar Pradesh,2002,Murder - Male Victims,1. Male Victims,493,6085,134,29,227,2824
Uttarakhand,2002,Murder - Male Victims,1. Male Victims,19,268,2,NULL,1,77
West Bengal,2002,Murder - Male Victims,1. Male Victims,52,1181,0,0,0,664
Andaman & Nicobar Islands,2003,Murder - Male Victims,1. Male Victims,1,12,0,0,0,6
Andhra Pradesh,2003,Murder - Male Victims,1. Male Victims,207,2177,31,17,43,992
Arunachal Pradesh,2003,Murder - Male Victims,1. Male Victims,0,77,0,0,0,64
Assam,2003,Murder - Male Victims,1. Male Victims,55,1088,0,2,0,571
Bihar,2003,Murder - Male Victims,1. Male Victims,199,3379,2,2,3,1637
Chandigarh,2003,Murder - Male Victims,1. Male Victims,0,15,1,0,0,5
Chhattisgarh,2003,Murder - Male Victims,1. Male Victims,65,581,8,16,2,228
Dadra & Nagar Haveli,2003,Murder - Male Victims,1. Male Victims,1,8,NULL,NULL,NULL,3
Daman & Diu,2003,Murder - Male Victims,1. Male Victims,3,6,0,0,0,0
Delhi,2003,Murder - Male Victims,1. Male Victims,25,371,10,11,12,210
Goa,2003,Murder - Male Victims,1. Male Victims,2,20,NULL,NULL,NULL,6
Gujarat,2003,Murder - Male Victims,1. Male Victims,82,808,5,32,13,297
Haryana,2003,Murder - Male Victims,1. Male Victims,31,597,1,2,12,308
Himachal Pradesh,2003,Murder - Male Victims,1. Male Victims,4,96,2,5,1,31
Jammu & Kashmir,2003,Murder - Male Victims,1. Male Victims,79,1013,0,0,0,375
Jharkhand,2003,Murder - Male Victims,1. Male Victims,85,1086,2,5,1,506
Karnataka,2003,Murder - Male Victims,1. Male Victims,111,1051,11,41,50,399
Kerala,2003,Murder - Male Victims,1. Male Victims,56,309,1,7,2,92
Madhya Pradesh,2003,Murder - Male Victims,1. Male Victims,104,1773,21,25,60,790
Maharashtra,2003,Murder - Male Victims,1. Male Victims,304,1955,22,63,23,717
Manipur,2003,Murder - Male Victims,1. Male Victims,9,174,0,0,0,109
Meghalaya,2003,Murder - Male Victims,1. Male Victims,3,165,0,1,11,60
Mizoram,2003,Murder - Male Victims,1. Male Victims,1,37,0,1,4,11
Nagaland,2003,Murder - Male Victims,1. Male Victims,0,85,0,0,0,65
Odisha,2003,Murder - Male Victims,1. Male Victims,65,769,4,5,10,363
Puducherry,2003,Murder - Male Victims,1. Male Victims,3,22,NULL,1,NULL,8
Punjab,2003,Murder - Male Victims,1. Male Victims,56,594,3,9,6,249
Rajasthan,2003,Murder - Male Victims,1. Male Victims,102,1013,4,11,3,437
Sikkim,2003,Murder - Male Victims,1. Male Victims,2,10,NULL,NULL,1,5
Tamil Nadu,2003,Murder - Male Victims,1. Male Victims,197,1111,4,4,15,357
Tripura,2003,Murder - Male Victims,1. Male Victims,30,231,NULL,NULL,0,117
Uttar Pradesh,2003,Murder - Male Victims,1. Male Victims,412,4285,87,27,206,2011
Uttarakhand,2003,Murder - Male Victims,1. Male Victims,16,231,0,0,1,87
West Bengal,2003,Murder - Male Victims,1. Male Victims,52,1167,0,1,2,606
Andaman & Nicobar Islands,2004,Murder - Male Victims,1. Male Victims,2,10,0,1,0,2
Andhra Pradesh,2004,Murder - Male Victims,1. Male Victims,222,1985,15,22,15,856
Arunachal Pradesh,2004,Murder - Male Victims,1. Male Victims,3,65,0,0,0,36
Assam,2004,Murder - Male Victims,1. Male Victims,68,1130,0,1,0,636
Bihar,2004,Murder - Male Victims,1. Male Victims,178,3523,9,2,4,1906
Chandigarh,2004,Murder - Male Victims,1. Male Victims,2,14,0,0,1,5
Chhattisgarh,2004,Murder - Male Victims,1. Male Victims,91,658,6,15,23,235
Dadra & Nagar Haveli,2004,Murder - Male Victims,1. Male Victims,1,9,0,0,1,3
Daman & Diu,2004,Murder - Male Victims,1. Male Victims,NULL,2,NULL,NULL,NULL,1
Delhi,2004,Murder - Male Victims,1. Male Victims,32,385,14,20,15,170
Goa,2004,Murder - Male Victims,1. Male Victims,3,25,NULL,1,NULL,8
Gujarat,2004,Murder - Male Victims,1. Male Victims,79,829,5,31,6,315
Haryana,2004,Murder - Male Victims,1. Male Victims,40,583,1,0,20,278
Himachal Pradesh,2004,Murder - Male Victims,1. Male Victims,16,85,3,2,0,30
Jammu & Kashmir,2004,Murder - Male Victims,1. Male Victims,70,882,NULL,NULL,NULL,438
Jharkhand,2004,Murder - Male Victims,1. Male Victims,85,1089,2,5,1,507
Karnataka,2004,Murder - Male Victims,1. Male Victims,112,1006,3,24,2,432
Kerala,2004,Murder - Male Victims,1. Male Victims,62,290,2,24,3,68
Madhya Pradesh,2004,Murder - Male Victims,1. Male Victims,224,1886,18,7,96,826
Maharashtra,2004,Murder - Male Victims,1. Male Victims,204,1773,18,56,36,653
Manipur,2004,Murder - Male Victims,1. Male Victims,9,178,0,0,0,117
Meghalaya,2004,Murder - Male Victims,1. Male Victims,1,149,0,0,0,97
Mizoram,2004,Murder - Male Victims,1. Male Victims,5,31,0,0,0,13
Nagaland,2004,Murder - Male Victims,1. Male Victims,0,56,0,0,0,28
Odisha,2004,Murder - Male Victims,1. Male Victims,45,780,1,1,3,389
Puducherry,2004,Murder - Male Victims,1. Male Victims,2,22,NULL,1,NULL,11
Punjab,2004,Murder - Male Victims,1. Male Victims,60,608,4,10,9,250
Rajasthan,2004,Murder - Male Victims,1. Male Victims,127,1005,4,4,5,422
Sikkim,2004,Murder - Male Victims,1. Male Victims,2,13,0,1,0,2
Tamil Nadu,2004,Murder - Male Victims,1. Male Victims,189,1051,7,32,4,372
Tripura,2004,Murder - Male Victims,1. Male Victims,16,182,2,0,2,97
Uttar Pradesh,2004,Murder - Male Victims,1. Male Victims,464,5264,147,60,223,2224
Uttarakhand,2004,Murder - Male Victims,1. Male Victims,20,220,0,2,0,108
West Bengal,2004,Murder - Male Victims,1. Male Victims,51,1008,0,0,0,518
Andaman & Nicobar Islands,2005,Murder - Male Victims,1. Male Victims,1,11,NULL,1,NULL,4
Andhra Pradesh,2005,Murder - Male Victims,1. Male Victims,245,2206,14,24,21,953
Arunachal Pradesh,2005,Murder - Male Victims,1. Male Victims,2,80,0,0,0,58
Assam,2005,Murder - Male Victims,1. Male Victims,72,1129,4,0,9,672
Bihar,2005,Murder - Male Victims,1. Male Victims,173,3029,8,5,10,1850
Chandigarh,2005,Murder - Male Victims,1. Male Victims,0,15,0,2,0,6
Chhattisgarh,2005,Murder - Male Victims,1. Male Victims,88,727,8,7,7,280
Dadra & Nagar Haveli,2005,Murder - Male Victims,1. Male Victims,2,7,NULL,1,1,2
Daman & Diu,2005,Murder - Male Victims,1. Male Victims,NULL,5,1,NULL,NULL,4
Delhi,2005,Murder - Male Victims,1. Male Victims,25,375,9,10,4,197
Goa,2005,Murder - Male Victims,1. Male Victims,4,35,1,NULL,NULL,7
Gujarat,2005,Murder - Male Victims,1. Male Victims,84,757,9,41,10,293
Haryana,2005,Murder - Male Victims,1. Male Victims,67,669,7,6,17,286
Himachal Pradesh,2005,Murder - Male Victims,1. Male Victims,14,82,0,3,1,27
Jammu & Kashmir,2005,Murder - Male Victims,1. Male Victims,45,644,0,2,0,361
Jharkhand,2005,Murder - Male Victims,1. Male Victims,114,1350,23,5,69,390
Karnataka,2005,Murder - Male Victims,1. Male Victims,131,1088,0,22,3,473
Kerala,2005,Murder - Male Victims,1. Male Victims,62,284,4,18,4,62
Madhya Pradesh,2005,Murder - Male Victims,1. Male Victims,229,1900,20,25,60,771
Maharashtra,2005,Murder - Male Victims,1. Male Victims,225,1765,26,77,26,634
Manipur,2005,Murder - Male Victims,1. Male Victims,6,276,0,0,0,174
Meghalaya,2005,Murder - Male Victims,1. Male Victims,4,119,1,2,3,49
Mizoram,2005,Murder - Male Victims,1. Male Victims,5,31,0,0,0,13
Nagaland,2005,Murder - Male Victims,1. Male Victims,3,74,0,0,0,35
Odisha,2005,Murder - Male Victims,1. Male Victims,55,807,1,2,1,373
Puducherry,2005,Murder - Male Victims,1. Male Victims,NULL,10,NULL,NULL,NULL,3
Punjab,2005,Murder - Male Victims,1. Male Victims,55,557,5,7,5,244
Rajasthan,2005,Murder - Male Victims,1. Male Victims,95,950,7,7,16,399
Sikkim,2005,Murder - Male Victims,1. Male Victims,1,5,1,NULL,NULL,1
Tamil Nadu,2005,Murder - Male Victims,1. Male Victims,183,1049,3,22,3,353
Tripura,2005,Murder - Male Victims,1. Male Victims,10,94,NULL,NULL,0,42
Uttar Pradesh,2005,Murder - Male Victims,1. Male Victims,483,5011,65,25,159,2425
Uttarakhand,2005,Murder - Male Victims,1. Male Victims,28,237,2,2,0,102
West Bengal,2005,Murder - Male Victims,1. Male Victims,60,1089,1,0,0,673
Andaman & Nicobar Islands,2006,Murder - Male Victims,1. Male Victims,2,4,NULL,NULL,NULL,1
Andhra Pradesh,2006,Murder - Male Victims,1. Male Victims,312,2196,11,12,4,1045
Arunachal Pradesh,2006,Murder - Male Victims,1. Male Victims,0,60,0,0,0,40
Assam,2006,Murder - Male Victims,1. Male Victims,81,1131,4,0,7,648
Bihar,2006,Murder - Male Victims,1. Male Victims,103,2836,1,1,5,1651
Chandigarh,2006,Murder - Male Victims,1. Male Victims,2,10,0,1,0,2
Chhattisgarh,2006,Murder - Male Victims,1. Male Victims,101,762,5,8,14,268
Dadra & Nagar Haveli,2006,Murder - Male Victims,1. Male Victims,1,6,0,1,0,1
Daman & Diu,2006,Murder - Male Victims,1. Male Victims,0,5,0,0,0,3
Delhi,2006,Murder - Male Victims,1. Male Victims,20,360,10,18,16,208
Goa,2006,Murder - Male Victims,1. Male Victims,8,30,NULL,NULL,1,8
Gujarat,2006,Murder - Male Victims,1. Male Victims,67,848,13,46,10,347
Haryana,2006,Murder - Male Victims,1. Male Victims,48,743,8,0,19,314
Himachal Pradesh,2006,Murder - Male Victims,1. Male Victims,7,98,0,3,0,37
Jammu & Kashmir,2006,Murder - Male Victims,1. Male Victims,16,565,0,2,2,287
Jharkhand,2006,Murder - Male Victims,1. Male Victims,225,1278,17,11,71,474
Karnataka,2006,Murder - Male Victims,1. Male Victims,100,1089,10,28,6,463
Kerala,2006,Murder - Male Victims,1. Male Victims,51,288,1,30,1,72
Madhya Pradesh,2006,Murder - Male Victims,1. Male Victims,288,1820,22,34,54,700
Maharashtra,2006,Murder - Male Victims,1. Male Victims,291,1966,24,84,27,726
Manipur,2006,Murder - Male Victims,1. Male Victims,16,229,2,0,4,122
Meghalaya,2006,Murder - Male Victims,1. Male Victims,3,146,0,1,5,75
Mizoram,2006,Murder - Male Victims,1. Male Victims,0,22,0,0,0,17
Nagaland,2006,Murder - Male Victims,1. Male Victims,0,115,1,4,4,74
Odisha,2006,Murder - Male Victims,1. Male Victims,42,783,4,0,9,368
Puducherry,2006,Murder - Male Victims,1. Male Victims,2,21,NULL,NULL,1,9
Punjab,2006,Murder - Male Victims,1. Male Victims,87,614,1,7,6,266
Rajasthan,2006,Murder - Male Victims,1. Male Victims,115,989,16,19,19,392
Sikkim,2006,Murder - Male Victims,1. Male Victims,3,14,NULL,NULL,4,2
Tamil Nadu,2006,Murder - Male Victims,1. Male Victims,154,903,7,15,2,286
Tripura,2006,Murder - Male Victims,1. Male Victims,14,131,2,1,NULL,49
Uttar Pradesh,2006,Murder - Male Victims,1. Male Victims,453,4835,98,23,149,2405
Uttarakhand,2006,Murder - Male Victims,1. Male Victims,10,230,2,0,5,79
West Bengal,2006,Murder - Male Victims,1. Male Victims,52,995,0,1,2,546
Andaman & Nicobar Islands,2007,Murder - Male Victims,1. Male Victims,2,9,NULL,NULL,NULL,3
Andhra Pradesh,2007,Murder - Male Victims,1. Male Victims,206,1964,8,19,29,874
Arunachal Pradesh,2007,Murder - Male Victims,1. Male Victims,1,65,0,0,0,41
Assam,2007,Murder - Male Victims,1. Male Victims,97,1286,1,0,1,766
Bihar,2007,Murder - Male Victims,1. Male Victims,152,2691,23,12,41,1451
Chandigarh,2007,Murder - Male Victims,1. Male Victims,0,14,0,0,0,7
Chhattisgarh,2007,Murder - Male Victims,1. Male Victims,156,787,11,10,14,281
Dadra & Nagar Haveli,2007,Murder - Male Victims,1. Male Victims,NULL,6,NULL,1,NULL,1
Daman & Diu,2007,Murder - Male Victims,1. Male Victims,4,11,1,1,0,3
Delhi,2007,Murder - Male Victims,1. Male Victims,28,384,5,14,20,205
Goa,2007,Murder - Male Victims,1. Male Victims,4,18,NULL,NULL,NULL,3
Gujarat,2007,Murder - Male Victims,1. Male Victims,99,900,10,38,13,289
Haryana,2007,Murder - Male Victims,1. Male Victims,53,775,20,19,29,332
Himachal Pradesh,2007,Murder - Male Victims,1. Male Victims,14,97,2,3,1,31
Jammu & Kashmir,2007,Murder - Male Victims,1. Male Victims,16,326,0,0,0,170
Jharkhand,2007,Murder - Male Victims,1. Male Victims,102,1380,12,0,5,550
Karnataka,2007,Murder - Male Victims,1. Male Victims,133,1081,5,15,6,381
Kerala,2007,Murder - Male Victims,1. Male Victims,57,252,8,17,1,54
Madhya Pradesh,2007,Murder - Male Victims,1. Male Victims,217,1764,27,48,34,697
Maharashtra,2007,Murder - Male Victims,1. Male Victims,259,1779,24,92,27,654
Manipur,2007,Murder - Male Victims,1. Male Victims,8,275,1,1,4,140
Meghalaya,2007,Murder - Male Victims,1. Male Victims,9,107,3,0,7,36
Mizoram,2007,Murder - Male Victims,1. Male Victims,2,25,0,0,1,15
Nagaland,2007,Murder - Male Victims,1. Male Victims,3,104,0,0,1,42
Odisha,2007,Murder - Male Victims,1. Male Victims,38,863,10,4,11,395
Puducherry,2007,Murder - Male Victims,1. Male Victims,1,25,NULL,1,1,17
Punjab,2007,Murder - Male Victims,1. Male Victims,67,601,8,7,6,266
Rajasthan,2007,Murder - Male Victims,1. Male Victims,103,1040,17,18,26,393
Sikkim,2007,Murder - Male Victims,1. Male Victims,1,6,NULL,NULL,NULL,3
Tamil Nadu,2007,Murder - Male Victims,1. Male Victims,228,1107,6,18,2,346
Tripura,2007,Murder - Male Victims,1. Male Victims,17,100,4,NULL,2,33
Uttar Pradesh,2007,Murder - Male Victims,1. Male Victims,378,4283,97,37,102,2050
Uttarakhand,2007,Murder - Male Victims,1. Male Victims,18,191,1,3,5,111
West Bengal,2007,Murder - Male Victims,1. Male Victims,57,1006,2,1,2,527
Andaman & Nicobar Islands,2008,Murder - Male Victims,1. Male Victims,2,6,NULL,NULL,NULL,2
Andhra Pradesh,2008,Murder - Male Victims,1. Male Victims,221,1932,14,11,55,855
Arunachal Pradesh,2008,Murder - Male Victims,1. Male Victims,2,71,0,0,0,40
Assam,2008,Murder - Male Victims,1. Male Victims,55,1323,1,0,0,790
Bihar,2008,Murder - Male Victims,1. Male Victims,96,2502,11,25,48,1401
Chandigarh,2008,Murder - Male Victims,1. Male Victims,1,11,0,0,0,7
Chhattisgarh,2008,Murder - Male Victims,1. Male Victims,112,806,12,13,29,282
Dadra & Nagar Haveli,2008,Murder - Male Victims,1. Male Victims,2,5,NULL,NULL,NULL,NULL
Daman & Diu,2008,Murder - Male Victims,1. Male Victims,0,2,0,0,NULL,0
Delhi,2008,Murder - Male Victims,1. Male Victims,36,473,8,21,15,139
Goa,2008,Murder - Male Victims,1. Male Victims,6,33,NULL,NULL,NULL,10
Gujarat,2008,Murder - Male Victims,1. Male Victims,78,805,6,23,8,312
Haryana,2008,Murder - Male Victims,1. Male Victims,100,785,6,4,8,307
Himachal Pradesh,2008,Murder - Male Victims,1. Male Victims,10,94,1,3,4,27
Jammu & Kashmir,2008,Murder - Male Victims,1. Male Victims,16,236,0,0,0,94
Jharkhand,2008,Murder - Male Victims,1. Male Victims,73,1431,0,2,6,726
Karnataka,2008,Murder - Male Victims,1. Male Victims,129,1176,11,58,18,428
Kerala,2008,Murder - Male Victims,1. Male Victims,54,251,5,14,NULL,62
Madhya Pradesh,2008,Murder - Male Victims,1. Male Victims,248,1835,55,11,11,695
Maharashtra,2008,Murder - Male Victims,1. Male Victims,262,1927,32,54,20,700
Manipur,2008,Murder - Male Victims,1. Male Victims,12,249,4,3,3,132
Meghalaya,2008,Murder - Male Victims,1. Male Victims,9,111,0,0,0,54
Mizoram,2008,Murder - Male Victims,1. Male Victims,0,33,0,0,0,23
Nagaland,2008,Murder - Male Victims,1. Male Victims,3,141,0,0,0,81
Odisha,2008,Murder - Male Victims,1. Male Victims,51,705,2,4,3,276
Puducherry,2008,Murder - Male Victims,1. Male Victims,3,27,NULL,1,NULL,12
Punjab,2008,Murder - Male Victims,1. Male Victims,66,596,4,7,6,266
Rajasthan,2008,Murder - Male Victims,1. Male Victims,101,1033,18,13,36,398
Sikkim,2008,Murder - Male Victims,1. Male Victims,NULL,6,NULL,NULL,2,1
Tamil Nadu,2008,Murder - Male Victims,1. Male Victims,234,1200,5,43,0,364
Tripura,2008,Murder - Male Victims,1. Male Victims,13,103,7,4,3,21
Uttar Pradesh,2008,Murder - Male Victims,1. Male Victims,331,3859,69,30,119,1927
Uttarakhand,2008,Murder - Male Victims,1. Male Victims,25,213,NULL,1,2,139
West Bengal,2008,Murder - Male Victims,1. Male Victims,149,1561,5,1,9,735
Andaman & Nicobar Islands,2009,Murder - Male Victims,1. Male Victims,NULL,10,NULL,2,NULL,3
Andhra Pradesh,2009,Murder - Male Victims,1. Male Victims,184,1675,12,12,22,668
Arunachal Pradesh,2009,Murder - Male Victims,1. Male Victims,0,58,0,0,0,30
Assam,2009,Murder - Male Victims,1. Male Victims,40,1226,0,0,4,784
Bihar,2009,Murder - Male Victims,1. Male Victims,125,2507,21,13,51,1419
Chandigarh,2009,Murder - Male Victims,1. Male Victims,1,19,0,1,0,11
Chhattisgarh,2009,Murder - Male Victims,1. Male Victims,117,757,9,24,27,231
Dadra & Nagar Haveli,2009,Murder - Male Victims,1. Male Victims,1,4,NULL,1,NULL,1
Daman & Diu,2009,Murder - Male Victims,1. Male Victims,NULL,4,NULL,NULL,NULL,1
Delhi,2009,Murder - Male Victims,1. Male Victims,23,445,17,17,28,243
Goa,2009,Murder - Male Victims,1. Male Victims,3,26,0,2,0,8
Gujarat,2009,Murder - Male Victims,1. Male Victims,56,734,9,24,4,266
Haryana,2009,Murder - Male Victims,1. Male Victims,83,786,4,2,9,331
Himachal Pradesh,2009,Murder - Male Victims,1. Male Victims,14,94,1,0,2,31
Jammu & Kashmir,2009,Murder - Male Victims,1. Male Victims,10,216,0,1,3,98
Jharkhand,2009,Murder - Male Victims,1. Male Victims,81,1435,1,3,5,609
Karnataka,2009,Murder - Male Victims,1. Male Victims,121,1073,14,12,5,363
Kerala,2009,Murder - Male Victims,1. Male Victims,58,260,7,25,1,60
Madhya Pradesh,2009,Murder - Male Victims,1. Male Victims,257,1777,20,42,25,672
Maharashtra,2009,Murder - Male Victims,1. Male Victims,216,1712,11,63,20,681
Manipur,2009,Murder - Male Victims,1. Male Victims,16,156,1,2,3,56
Meghalaya,2009,Murder - Male Victims,1. Male Victims,7,106,2,0,3,69
Mizoram,2009,Murder - Male Victims,1. Male Victims,NULL,28,NULL,NULL,NULL,8
Nagaland,2009,Murder - Male Victims,1. Male Victims,1,40,0,0,0,21
Odisha,2009,Murder - Male Victims,1. Male Victims,118,806,0,1,8,336
Puducherry,2009,Murder - Male Victims,1. Male Victims,2,29,NULL,NULL,NULL,13
Punjab,2009,Murder - Male Victims,1. Male Victims,42,658,15,18,20,251
Rajasthan,2009,Murder - Male Victims,1. Male Victims,124,1089,16,16,36,424
Sikkim,2009,Murder - Male Victims,1. Male Victims,1,14,NULL,2,NULL,7
Tamil Nadu,2009,Murder - Male Victims,1. Male Victims,246,1270,8,36,5,364
Tripura,2009,Murder - Male Victims,1. Male Victims,7,91,2,6,0,34
Uttar Pradesh,2009,Murder - Male Victims,1. Male Victims,354,3724,89,33,85,1816
Uttarakhand,2009,Murder - Male Victims,1. Male Victims,13,144,1,1,1,72
West Bengal,2009,Murder - Male Victims,1. Male Victims,88,1468,3,3,6,708
Andaman & Nicobar Islands,2010,Murder - Male Victims,1. Male Victims,NULL,5,NULL,NULL,NULL,2
Andhra Pradesh,2010,Murder - Male Victims,1. Male Victims,325,1914,16,7,13,962
Arunachal Pradesh,2010,Murder - Male Victims,1. Male Victims,0,73,0,0,0,53
Assam,2010,Murder - Male Victims,1. Male Victims,46,1137,NULL,NULL,10,712
Bihar,2010,Murder - Male Victims,1. Male Victims,194,2700,30,16,82,1491
Chandigarh,2010,Murder - Male Victims,1. Male Victims,3,20,0,1,0,5
Chhattisgarh,2010,Murder - Male Victims,1. Male Victims,105,708,8,19,31,231
Dadra & Nagar Haveli,2010,Murder - Male Victims,1. Male Victims,NULL,5,NULL,NULL,NULL,NULL
Daman & Diu,2010,Murder - Male Victims,1. Male Victims,0,5,0,0,0,4
Delhi,2010,Murder - Male Victims,1. Male Victims,25,458,8,6,14,238
Goa,2010,Murder - Male Victims,1. Male Victims,2,28,0,0,0,9
Gujarat,2010,Murder - Male Victims,1. Male Victims,89,814,14,27,7,312
Haryana,2010,Murder - Male Victims,1. Male Victims,65,831,6,4,8,367
Himachal Pradesh,2010,Murder - Male Victims,1. Male Victims,17,105,0,2,3,31
Jammu & Kashmir,2010,Murder - Male Victims,1. Male Victims,19,205,0,0,0,91
Jharkhand,2010,Murder - Male Victims,1. Male Victims,65,1496,2,4,1,895
Karnataka,2010,Murder - Male Victims,1. Male Victims,130,1147,3,18,4,481
Kerala,2010,Murder - Male Victims,1. Male Victims,55,279,3,23,1,60
Madhya Pradesh,2010,Murder - Male Victims,1. Male Victims,244,1890,27,34,40,732
Maharashtra,2010,Murder - Male Victims,1. Male Victims,238,1790,18,91,20,670
Manipur,2010,Murder - Male Victims,1. Male Victims,8,82,2,0,0,26
Meghalaya,2010,Murder - Male Victims,1. Male Victims,8,126,0,0,1,64
Mizoram,2010,Murder - Male Victims,1. Male Victims,8,40,0,0,1,8
Nagaland,2010,Murder - Male Victims,1. Male Victims,7,42,0,0,0,19
Odisha,2010,Murder - Male Victims,1. Male Victims,72,783,0,5,1,304
Puducherry,2010,Murder - Male Victims,1. Male Victims,8,30,NULL,NULL,NULL,10
Punjab,2010,Murder - Male Victims,1. Male Victims,65,703,3,10,12,277
Rajasthan,2010,Murder - Male Victims,1. Male Victims,103,1115,14,15,33,437
Sikkim,2010,Murder - Male Victims,1. Male Victims,3,9,NULL,1,NULL,1
Tamil Nadu,2010,Murder - Male Victims,1. Male Victims,227,1279,8,25,7,414
Tripura,2010,Murder - Male Victims,1. Male Victims,16,96,1,0,0,36
Uttar Pradesh,2010,Murder - Male Victims,1. Male Victims,288,3597,52,76,79,1937
Uttarakhand,2010,Murder - Male Victims,1. Male Victims,13,132,1,NULL,NULL,66
West Bengal,2010,Murder - Male Victims,1. Male Victims,84,1522,5,0,4,635
Andaman & Nicobar Islands,2001,Murder - Total Victims,3. Total,NULL,13,1,NULL,NULL,7
Andhra Pradesh,2001,Murder - Total Victims,3. Total,282,2783,74,73,131,1096
Arunachal Pradesh,2001,Murder - Total Victims,3. Total,6,83,0,0,0,41
Assam,2001,Murder - Total Victims,3. Total,78,1356,38,21,192,622
Bihar,2001,Murder - Total Victims,3. Total,239,3643,2,2,196,1675
Chandigarh,2001,Murder - Total Victims,3. Total,4,15,0,0,0,5
Chhattisgarh,2001,Murder - Total Victims,3. Total,205,1657,26,68,68,555
Dadra & Nagar Haveli,2001,Murder - Total Victims,3. Total,NULL,3,NULL,NULL,NULL,1
Delhi,2001,Murder - Total Victims,3. Total,42,574,12,25,21,305
Goa,2001,Murder - Total Victims,3. Total,3,37,NULL,1,NULL,15
Gujarat,2001,Murder - Total Victims,3. Total,113,1280,20,107,26,467
Haryana,2001,Murder - Total Victims,3. Total,44,818,12,36,62,358
Himachal Pradesh,2001,Murder - Total Victims,3. Total,14,122,1,4,2,40
Jammu & Kashmir,2001,Murder - Total Victims,3. Total,191,1412,50,10,187,453
Jharkhand,2001,Murder - Total Victims,3. Total,160,1507,3,4,160,596
Karnataka,2001,Murder - Total Victims,3. Total,181,1678,22,80,60,700
Kerala,2001,Murder - Total Victims,3. Total,79,489,13,63,17,113
Lakshadweep,2001,Murder - Total Victims,3. Total,0,2,1,1,0,0
Madhya Pradesh,2001,Murder - Total Victims,3. Total,101,2425,38,73,166,974
Maharashtra,2001,Murder - Total Victims,3. Total,297,2950,56,189,80,1295
Manipur,2001,Murder - Total Victims,3. Total,11,233,NULL,2,8,139
Meghalaya,2001,Murder - Total Victims,3. Total,1,169,0,0,0,116
Mizoram,2001,Murder - Total Victims,3. Total,2,31,0,0,3,17
Nagaland,2001,Murder - Total Victims,3. Total,3,109,1,0,5,64
Odisha,2001,Murder - Total Victims,3. Total,72,1005,2,0,56,490
Puducherry,2001,Murder - Total Victims,3. Total,3,25,NULL,NULL,1,10
Punjab,2001,Murder - Total Victims,3. Total,54,787,10,10,56,358
Rajasthan,2001,Murder - Total Victims,3. Total,133,1275,18,18,47,497
Sikkim,2001,Murder - Total Victims,3. Total,2,19,NULL,1,NULL,8
Tamil Nadu,2001,Murder - Total Victims,3. Total,170,1662,16,8,249,565
Tripura,2001,Murder - Total Victims,3. Total,22,240,6,NULL,17,93
Uttar Pradesh,2001,Murder - Total Victims,3. Total,824,8180,158,39,292,3724
Uttarakhand,2001,Murder - Total Victims,3. Total,31,381,5,4,4,124
West Bengal,2001,Murder - Total Victims,3. Total,94,1673,2,1,3,889
Andaman & Nicobar Islands,2002,Murder - Total Victims,3. Total,2,17,0,0,1,6
Andhra Pradesh,2002,Murder - Total Victims,3. Total,275,2651,20,12,13,1320
Arunachal Pradesh,2002,Murder - Total Victims,3. Total,NULL,61,NULL,NULL,0,34
Assam,2002,Murder - Total Victims,3. Total,25,1253,0,2,0,827
Bihar,2002,Murder - Total Victims,3. Total,161,3831,3,7,5,2116
Chandigarh,2002,Murder - Total Victims,3. Total,3,31,0,3,0,12
Chhattisgarh,2002,Murder - Total Victims,3. Total,106,844,7,24,4,264
Dadra & Nagar Haveli,2002,Murder - Total Victims,3. Total,1,11,0,0,0,2
Daman & Diu,2002,Murder - Total Victims,3. Total,0,8,0,0,0,5
Delhi,2002,Murder - Total Victims,3. Total,40,541,11,14,10,312
Goa,2002,Murder - Total Victims,3. Total,10,31,NULL,1,1,10
Gujarat,2002,Murder - Total Victims,3. Total,256,2327,41,129,42,975
Haryana,2002,Murder - Total Victims,3. Total,38,811,11,6,5,433
Himachal Pradesh,2002,Murder - Total Victims,3. Total,14,132,1,5,4,55
Jammu & Kashmir,2002,Murder - Total Victims,3. Total,94,1307,0,0,2,564
Jharkhand,2002,Murder - Total Victims,3. Total,294,1488,2,3,3,635
Karnataka,2002,Murder - Total Victims,3. Total,156,1704,3,18,7,826
Kerala,2002,Murder - Total Victims,3. Total,77,454,9,64,7,118
Madhya Pradesh,2002,Murder - Total Victims,3. Total,215,2395,12,8,74,1149
Maharashtra,2002,Murder - Total Victims,3. Total,353,2991,54,156,45,1191
Manipur,2002,Murder - Total Victims,3. Total,6,222,0,0,0,130
Meghalaya,2002,Murder - Total Victims,3. Total,4,184,0,1,2,79
Mizoram,2002,Murder - Total Victims,3. Total,2,29,0,0,0,23
Nagaland,2002,Murder - Total Victims,3. Total,1,108,2,0,7,72
Odisha,2002,Murder - Total Victims,3. Total,73,1148,2,5,0,579
Puducherry,2002,Murder - Total Victims,3. Total,2,31,NULL,2,NULL,7
Punjab,2002,Murder - Total Victims,3. Total,49,772,5,4,4,319
Rajasthan,2002,Murder - Total Victims,3. Total,108,1324,2,15,3,563
Sikkim,2002,Murder - Total Victims,3. Total,NULL,13,NULL,NULL,2,4
Tamil Nadu,2002,Murder - Total Victims,3. Total,263,1787,12,29,4,771
Tripura,2002,Murder - Total Victims,3. Total,22,201,NULL,NULL,0,105
Uttar Pradesh,2002,Murder - Total Victims,3. Total,566,7538,191,36,311,3548
Uttarakhand,2002,Murder - Total Victims,3. Total,22,335,4,NULL,3,100
West Bengal,2002,Murder - Total Victims,3. Total,61,1453,0,3,0,852
Andaman & Nicobar Islands,2003,Murder - Total Victims,3. Total,2,21,0,1,0,8
Andhra Pradesh,2003,Murder - Total Victims,3. Total,281,2914,39,25,55,1370
Arunachal Pradesh,2003,Murder - Total Victims,3. Total,0,77,0,0,0,64
Assam,2003,Murder - Total Victims,3. Total,59,1191,0,2,0,639
Bihar,2003,Murder - Total Victims,3. Total,205,3772,2,5,5,1872
Chandigarh,2003,Murder - Total Victims,3. Total,1,21,2,1,0,8
Chhattisgarh,2003,Murder - Total Victims,3. Total,95,797,12,25,3,312
Dadra & Nagar Haveli,2003,Murder - Total Victims,3. Total,2,11,NULL,NULL,NULL,4
Daman & Diu,2003,Murder - Total Victims,3. Total,3,6,0,0,0,0
Delhi,2003,Murder - Total Victims,3. Total,48,502,16,19,19,254
Goa,2003,Murder - Total Victims,3. Total,6,34,NULL,NULL,NULL,11
Gujarat,2003,Murder - Total Victims,3. Total,115,1164,6,61,16,457
Haryana,2003,Murder - Total Victims,3. Total,39,748,2,3,19,401
Himachal Pradesh,2003,Murder - Total Victims,3. Total,9,130,2,5,2,43
Jammu & Kashmir,2003,Murder - Total Victims,3. Total,82,1115,0,0,0,432
Jharkhand,2003,Murder - Total Victims,3. Total,115,1482,3,7,2,683
Karnataka,2003,Murder - Total Victims,3. Total,150,1576,23,91,71,648
Kerala,2003,Murder - Total Victims,3. Total,78,435,4,22,5,120
Madhya Pradesh,2003,Murder - Total Victims,3. Total,154,2227,25,41,99,984
Maharashtra,2003,Murder - Total Victims,3. Total,374,2951,44,142,41,1250
Manipur,2003,Murder - Total Victims,3. Total,9,185,0,1,0,117
Meghalaya,2003,Murder - Total Victims,3. Total,4,175,0,1,13,64
Mizoram,2003,Murder - Total Victims,3. Total,1,46,NULL,1,4,16
Nagaland,2003,Murder - Total Victims,3. Total,0,91,0,0,0,70
Odisha,2003,Murder - Total Victims,3. Total,86,1102,4,8,13,541
Puducherry,2003,Murder - Total Victims,3. Total,5,30,1,1,NULL,11
Punjab,2003,Murder - Total Victims,3. Total,74,769,5,12,8,338
Rajasthan,2003,Murder - Total Victims,3. Total,136,1284,7,13,6,560
Sikkim,2003,Murder - Total Victims,3. Total,2,16,NULL,1,1,9
Tamil Nadu,2003,Murder - Total Victims,3. Total,280,1654,11,11,40,596
Tripura,2003,Murder - Total Victims,3. Total,30,254,NULL,NULL,0,135
Uttar Pradesh,2003,Murder - Total Victims,3. Total,487,5284,145,35,292,2438
Uttarakhand,2003,Murder - Total Victims,3. Total,18,293,0,0,3,115
West Bengal,2003,Murder - Total Victims,3. Total,62,1464,2,3,4,792
Andaman & Nicobar Islands,2004,Murder - Total Victims,3. Total,2,15,0,1,0,2
Andhra Pradesh,2004,Murder - Total Victims,3. Total,285,2640,25,35,29,1157
Arunachal Pradesh,2004,Murder - Total Victims,3. Total,3,67,0,0,0,36
Assam,2004,Murder - Total Victims,3. Total,72,1214,0,1,0,691
Bihar,2004,Murder - Total Victims,3. Total,188,3948,13,4,4,2175
Chandigarh,2004,Murder - Total Victims,3. Total,2,22,0,2,1,8
Chhattisgarh,2004,Murder - Total Victims,3. Total,123,927,11,20,30,331
Dadra & Nagar Haveli,2004,Murder - Total Victims,3. Total,1,11,0,2,1,3
Daman & Diu,2004,Murder - Total Victims,3. Total,NULL,3,NULL,NULL,NULL,2
Delhi,2004,Murder - Total Victims,3. Total,48,510,21,34,22,221
Goa,2004,Murder - Total Victims,3. Total,8,42,1,1,NULL,15
Gujarat,2004,Murder - Total Victims,3. Total,104,1169,7,84,12,472
Haryana,2004,Murder - Total Victims,3. Total,46,742,1,0,22,378
Himachal Pradesh,2004,Murder - Total Victims,3. Total,20,110,3,3,3,37
Jammu & Kashmir,2004,Murder - Total Victims,3. Total,82,989,NULL,1,NULL,496
Jharkhand,2004,Murder - Total Victims,3. Total,115,1488,3,7,2,686
Karnataka,2004,Murder - Total Victims,3. Total,163,1567,3,47,4,745
Kerala,2004,Murder - Total Victims,3. Total,91,427,8,40,5,94
Madhya Pradesh,2004,Murder - Total Victims,3. Total,275,2380,22,8,114,1088
Maharashtra,2004,Murder - Total Victims,3. Total,291,2777,28,125,52,1176
Manipur,2004,Murder - Total Victims,3. Total,10,193,0,0,0,125
Meghalaya,2004,Murder - Total Victims,3. Total,1,157,0,0,1,103
Mizoram,2004,Murder - Total Victims,3. Total,6,35,0,0,0,15
Nagaland,2004,Murder - Total Victims,3. Total,0,73,0,0,0,36
Odisha,2004,Murder - Total Victims,3. Total,63,1137,4,2,3,610
Puducherry,2004,Murder - Total Victims,3. Total,2,25,NULL,1,NULL,12
Punjab,2004,Murder - Total Victims,3. Total,77,802,8,23,11,334
Rajasthan,2004,Murder - Total Victims,3. Total,161,1292,6,8,7,568
Sikkim,2004,Murder - Total Victims,3. Total,3,18,0,3,0,4
Tamil Nadu,2004,Murder - Total Victims,3. Total,245,1544,13,66,4,612
Tripura,2004,Murder - Total Victims,3. Total,22,226,3,0,2,124
Uttar Pradesh,2004,Murder - Total Victims,3. Total,550,6665,218,116,347,2837
Uttarakhand,2004,Murder - Total Victims,3. Total,25,267,0,4,0,130
West Bengal,2004,Murder - Total Victims,3. Total,65,1433,1,1,0,736
Andaman & Nicobar Islands,2005,Murder - Total Victims,3. Total,1,15,NULL,1,NULL,5
Andhra Pradesh,2005,Murder - Total Victims,3. Total,313,2928,21,38,28,1277
Arunachal Pradesh,2005,Murder - Total Victims,3. Total,2,81,0,0,0,59
Assam,2005,Murder - Total Victims,3. Total,76,1194,4,0,9,714
Bihar,2005,Murder - Total Victims,3. Total,189,3471,10,14,13,2160
Chandigarh,2005,Murder - Total Victims,3. Total,1,18,0,3,0,7
Chhattisgarh,2005,Murder - Total Victims,3. Total,123,1050,14,11,12,405
Dadra & Nagar Haveli,2005,Murder - Total Victims,3. Total,2,7,NULL,1,1,2
Daman & Diu,2005,Murder - Total Victims,3. Total,NULL,5,1,NULL,NULL,4
Delhi,2005,Murder - Total Victims,3. Total,40,533,12,17,7,284
Goa,2005,Murder - Total Victims,3. Total,5,49,1,3,NULL,14
Gujarat,2005,Murder - Total Victims,3. Total,115,1103,17,70,12,418
Haryana,2005,Murder - Total Victims,3. Total,82,812,8,9,21,366
Himachal Pradesh,2005,Murder - Total Victims,3. Total,15,118,0,6,4,40
Jammu & Kashmir,2005,Murder - Total Victims,3. Total,45,746,0,4,0,425
Jharkhand,2005,Murder - Total Victims,3. Total,130,1523,29,5,113,452
Karnataka,2005,Murder - Total Victims,3. Total,182,1673,2,39,6,779
Kerala,2005,Murder - Total Victims,3. Total,92,431,11,54,4,87
Lakshadweep,2005,Murder - Total Victims,3. Total,NULL,1,NULL,NULL,NULL,1
Madhya Pradesh,2005,Murder - Total Victims,3. Total,285,2428,35,35,80,1019
Maharashtra,2005,Murder - Total Victims,3. Total,292,2745,43,154,45,1122
Manipur,2005,Murder - Total Victims,3. Total,6,295,1,1,1,186
Meghalaya,2005,Murder - Total Victims,3. Total,6,138,1,3,7,57
Mizoram,2005,Murder - Total Victims,3. Total,6,35,0,0,0,15
Nagaland,2005,Murder - Total Victims,3. Total,5,91,0,0,0,48
Odisha,2005,Murder - Total Victims,3. Total,87,1133,3,3,4,535
Puducherry,2005,Murder - Total Victims,3. Total,3,19,NULL,NULL,NULL,8
Punjab,2005,Murder - Total Victims,3. Total,68,744,9,11,6,331
Rajasthan,2005,Murder - Total Victims,3. Total,124,1246,11,21,25,523
Sikkim,2005,Murder - Total Victims,3. Total,1,9,1,NULL,0,3
Tamil Nadu,2005,Murder - Total Victims,3. Total,248,1511,10,54,3,552
Tripura,2005,Murder - Total Victims,3. Total,14,158,NULL,1,0,91
Uttar Pradesh,2005,Murder - Total Victims,3. Total,554,6365,124,44,222,3120
Uttarakhand,2005,Murder - Total Victims,3. Total,29,290,2,4,0,127
West Bengal,2005,Murder - Total Victims,3. Total,74,1454,2,0,0,942
Andaman & Nicobar Islands,2006,Murder - Total Victims,3. Total,2,5,NULL,NULL,NULL,1
Andhra Pradesh,2006,Murder - Total Victims,3. Total,392,2940,20,28,15,1367
Arunachal Pradesh,2006,Murder - Total Victims,3. Total,0,60,0,0,0,40
Assam,2006,Murder - Total Victims,3. Total,83,1207,4,0,7,691
Bihar,2006,Murder - Total Victims,3. Total,111,3249,2,3,7,1933
Chandigarh,2006,Murder - Total Victims,3. Total,5,14,0,1,0,2
Chhattisgarh,2006,Murder - Total Victims,3. Total,141,1098,12,12,24,427
Dadra & Nagar Haveli,2006,Murder - Total Victims,3. Total,1,9,0,1,0,3
Daman & Diu,2006,Murder - Total Victims,3. Total,0,7,0,2,0,3
Delhi,2006,Murder - Total Victims,3. Total,28,488,12,30,24,283
Goa,2006,Murder - Total Victims,3. Total,11,40,NULL,NULL,2,12
Gujarat,2006,Murder - Total Victims,3. Total,96,1214,17,80,13,497
Haryana,2006,Murder - Total Victims,3. Total,56,899,9,0,21,404
Himachal Pradesh,2006,Murder - Total Victims,3. Total,12,129,1,4,0,48
Jammu & Kashmir,2006,Murder - Total Victims,3. Total,17,641,1,2,7,324
Jharkhand,2006,Murder - Total Victims,3. Total,258,1492,18,12,109,557
Karnataka,2006,Murder - Total Victims,3. Total,164,1677,13,58,8,757
Kerala,2006,Murder - Total Victims,3. Total,78,426,4,65,3,102
Madhya Pradesh,2006,Murder - Total Victims,3. Total,362,2330,36,48,76,900
Maharashtra,2006,Murder - Total Victims,3. Total,367,2961,38,159,54,1208
Manipur,2006,Murder - Total Victims,3. Total,17,238,2,0,5,127
Meghalaya,2006,Murder - Total Victims,3. Total,3,157,0,2,5,82
Mizoram,2006,Murder - Total Victims,3. Total,0,25,0,0,0,20
Nagaland,2006,Murder - Total Victims,3. Total,2,123,1,4,4,77
Odisha,2006,Murder - Total Victims,3. Total,54,1167,4,3,11,560
Puducherry,2006,Murder - Total Victims,3. Total,3,30,NULL,NULL,1,12
Punjab,2006,Murder - Total Victims,3. Total,111,851,6,10,10,386
Rajasthan,2006,Murder - Total Victims,3. Total,145,1238,22,30,25,505
Sikkim,2006,Murder - Total Victims,3. Total,4,21,NULL,NULL,4,5
Tamil Nadu,2006,Murder - Total Victims,3. Total,236,1418,16,48,6,492
Tripura,2006,Murder - Total Victims,3. Total,18,165,2,1,NULL,71
Uttar Pradesh,2006,Murder - Total Victims,3. Total,510,5762,161,34,231,2813
Uttarakhand,2006,Murder - Total Victims,3. Total,12,285,2,2,6,96
West Bengal,2006,Murder - Total Victims,3. Total,69,1442,0,1,2,881
Andaman & Nicobar Islands,2007,Murder - Total Victims,3. Total,3,15,NULL,NULL,NULL,6
Andhra Pradesh,2007,Murder - Total Victims,3. Total,273,2850,24,45,39,1289
Arunachal Pradesh,2007,Murder - Total Victims,3. Total,1,68,0,0,0,44
Assam,2007,Murder - Total Victims,3. Total,97,1374,1,0,1,817
Bihar,2007,Murder - Total Victims,3. Total,166,3081,23,16,56,1688
Chandigarh,2007,Murder - Total Victims,3. Total,1,20,0,2,0,10
Chhattisgarh,2007,Murder - Total Victims,3. Total,227,1097,15,13,17,381
Dadra & Nagar Haveli,2007,Murder - Total Victims,3. Total,0,10,NULL,1,NULL,3
Daman & Diu,2007,Murder - Total Victims,3. Total,4,12,1,1,0,4
Delhi,2007,Murder - Total Victims,3. Total,41,511,8,24,25,276
Goa,2007,Murder - Total Victims,3. Total,8,34,NULL,2,NULL,9
Gujarat,2007,Murder - Total Victims,3. Total,127,1214,15,71,18,406
Haryana,2007,Murder - Total Victims,3. Total,60,942,28,33,38,416
Himachal Pradesh,2007,Murder - Total Victims,3. Total,16,132,3,5,2,46
Jammu & Kashmir,2007,Murder - Total Victims,3. Total,18,366,0,0,0,196
Jharkhand,2007,Murder - Total Victims,3. Total,129,1617,13,2,10,637
Karnataka,2007,Murder - Total Victims,3. Total,174,1586,9,32,12,670
Kerala,2007,Murder - Total Victims,3. Total,85,393,9,39,5,88
Madhya Pradesh,2007,Murder - Total Victims,3. Total,281,2315,34,81,45,950
Maharashtra,2007,Murder - Total Victims,3. Total,348,2793,39,165,46,1175
Manipur,2007,Murder - Total Victims,3. Total,10,295,1,1,6,148
Meghalaya,2007,Murder - Total Victims,3. Total,9,114,3,2,7,39
Mizoram,2007,Murder - Total Victims,3. Total,2,43,1,0,2,26
Nagaland,2007,Murder - Total Victims,3. Total,3,118,0,1,2,51
Odisha,2007,Murder - Total Victims,3. Total,44,1235,12,6,15,637
Puducherry,2007,Murder - Total Victims,3. Total,3,35,NULL,2,1,21
Punjab,2007,Murder - Total Victims,3. Total,85,826,13,10,10,386
Rajasthan,2007,Murder - Total Victims,3. Total,128,1359,29,28,32,536
Sikkim,2007,Murder - Total Victims,3. Total,1,9,1,NULL,NULL,5
Tamil Nadu,2007,Murder - Total Victims,3. Total,314,1711,14,49,5,607
Tripura,2007,Murder - Total Victims,3. Total,25,150,4,3,4,52
Uttar Pradesh,2007,Murder - Total Victims,3. Total,446,5182,160,61,176,2432
Uttarakhand,2007,Murder - Total Victims,3. Total,25,268,4,5,5,164
West Bengal,2007,Murder - Total Victims,3. Total,78,1653,2,8,5,968
Andaman & Nicobar Islands,2008,Murder - Total Victims,3. Total,2,8,2,NULL,NULL,2
Andhra Pradesh,2008,Murder - Total Victims,3. Total,303,2762,21,36,64,1266
Arunachal Pradesh,2008,Murder - Total Victims,3. Total,2,72,0,0,0,40
Assam,2008,Murder - Total Victims,3. Total,55,1426,1,0,0,851
Bihar,2008,Murder - Total Victims,3. Total,114,3139,19,37,60,1837
Chandigarh,2008,Murder - Total Victims,3. Total,2,17,0,0,0,10
Chhattisgarh,2008,Murder - Total Victims,3. Total,152,1169,19,23,56,411
Dadra & Nagar Haveli,2008,Murder - Total Victims,3. Total,3,9,1,NULL,NULL,NULL
Daman & Diu,2008,Murder - Total Victims,3. Total,0,2,0,0,NULL,0
Delhi,2008,Murder - Total Victims,3. Total,43,589,9,25,17,202
Goa,2008,Murder - Total Victims,3. Total,11,53,1,2,0,18
Gujarat,2008,Murder - Total Victims,3. Total,107,1145,9,47,10,449
Haryana,2008,Murder - Total Victims,3. Total,112,970,11,7,13,404
Himachal Pradesh,2008,Murder - Total Victims,3. Total,14,130,3,4,7,37
Jammu & Kashmir,2008,Murder - Total Victims,3. Total,18,266,0,0,0,107
Jharkhand,2008,Murder - Total Victims,3. Total,98,1697,0,4,7,841
Karnataka,2008,Murder - Total Victims,3. Total,172,1800,28,107,32,700
Kerala,2008,Murder - Total Victims,3. Total,77,379,10,39,NULL,86
Lakshadweep,2008,Murder - Total Victims,3. Total,NULL,1,NULL,NULL,NULL,NULL
Madhya Pradesh,2008,Murder - Total Victims,3. Total,312,2351,68,22,17,930
Maharashtra,2008,Murder - Total Victims,3. Total,335,2976,43,116,41,1241
Manipur,2008,Murder - Total Victims,3. Total,12,268,4,5,3,141
Meghalaya,2008,Murder - Total Victims,3. Total,9,126,0,0,0,65
Mizoram,2008,Murder - Total Victims,3. Total,0,35,0,0,0,24
Nagaland,2008,Murder - Total Victims,3. Total,3,147,0,0,0,86
Odisha,2008,Murder - Total Victims,3. Total,98,1250,4,6,3,533
Puducherry,2008,Murder - Total Victims,3. Total,5,35,NULL,1,NULL,17
Punjab,2008,Murder - Total Victims,3. Total,83,815,9,10,13,386
Rajasthan,2008,Murder - Total Victims,3. Total,131,1320,24,21,48,527
Sikkim,2008,Murder - Total Victims,3. Total,NULL,9,NULL,NULL,2,4
Tamil Nadu,2008,Murder - Total Victims,3. Total,327,1824,8,88,4,597
Tripura,2008,Murder - Total Victims,3. Total,17,166,9,7,4,57
Uttar Pradesh,2008,Murder - Total Victims,3. Total,396,4699,124,60,192,2287
Uttarakhand,2008,Murder - Total Victims,3. Total,28,261,NULL,1,2,168
West Bengal,2008,Murder - Total Victims,3. Total,165,1811,5,2,14,910
Andaman & Nicobar Islands,2009,Murder - Total Victims,3. Total,NULL,18,NULL,3,NULL,6
Andhra Pradesh,2009,Murder - Total Victims,3. Total,275,2475,18,30,29,1047
Arunachal Pradesh,2009,Murder - Total Victims,3. Total,0,59,0,0,0,31
Assam,2009,Murder - Total Victims,3. Total,40,1323,0,0,4,846
Bihar,2009,Murder - Total Victims,3. Total,143,3179,26,22,78,1858
Chandigarh,2009,Murder - Total Victims,3. Total,1,22,0,1,0,12
Chhattisgarh,2009,Murder - Total Victims,3. Total,161,1083,11,39,34,355
Dadra & Nagar Haveli,2009,Murder - Total Victims,3. Total,1,10,NULL,1,NULL,4
Daman & Diu,2009,Murder - Total Victims,3. Total,NULL,5,NULL,NULL,NULL,2
Delhi,2009,Murder - Total Victims,3. Total,41,571,21,30,30,291
Goa,2009,Murder - Total Victims,3. Total,6,57,0,3,1,22
Gujarat,2009,Murder - Total Victims,3. Total,90,1059,15,58,6,386
Haryana,2009,Murder - Total Victims,3. Total,98,1007,6,2,11,427
Himachal Pradesh,2009,Murder - Total Victims,3. Total,23,133,2,4,3,41
Jammu & Kashmir,2009,Murder - Total Victims,3. Total,14,262,0,1,3,124
Jharkhand,2009,Murder - Total Victims,3. Total,89,1636,2,4,5,728
Karnataka,2009,Murder - Total Victims,3. Total,187,1752,23,28,12,698
Kerala,2009,Murder - Total Victims,3. Total,76,369,11,42,6,80
Madhya Pradesh,2009,Murder - Total Victims,3. Total,334,2402,31,60,36,949
Maharashtra,2009,Murder - Total Victims,3. Total,320,2712,26,142,38,1171
Manipur,2009,Murder - Total Victims,3. Total,18,174,2,4,4,61
Meghalaya,2009,Murder - Total Victims,3. Total,8,128,2,0,6,85
Mizoram,2009,Murder - Total Victims,3. Total,NULL,31,0,NULL,NULL,11
Nagaland,2009,Murder - Total Victims,3. Total,1,49,0,0,0,30
Odisha,2009,Murder - Total Victims,3. Total,158,1266,1,4,8,551
Puducherry,2009,Murder - Total Victims,3. Total,3,39,NULL,1,NULL,16
Punjab,2009,Murder - Total Victims,3. Total,56,861,21,33,28,343
Rajasthan,2009,Murder - Total Victims,3. Total,159,1417,24,29,44,574
Sikkim,2009,Murder - Total Victims,3. Total,1,20,NULL,3,NULL,10
Tamil Nadu,2009,Murder - Total Victims,3. Total,339,1857,14,81,10,578
Tripura,2009,Murder - Total Victims,3. Total,11,148,5,10,3,56
Uttar Pradesh,2009,Murder - Total Victims,3. Total,435,4679,145,71,156,2259
Uttarakhand,2009,Murder - Total Victims,3. Total,14,195,2,2,1,110
West Bengal,2009,Murder - Total Victims,3. Total,113,2161,8,5,10,1117
Andaman & Nicobar Islands,2010,Murder - Total Victims,3. Total,NULL,10,NULL,NULL,2,2
Andhra Pradesh,2010,Murder - Total Victims,3. Total,468,2538,28,22,19,1197
Arunachal Pradesh,2010,Murder - Total Victims,3. Total,0,75,0,0,0,55
Assam,2010,Murder - Total Victims,3. Total,46,1223,NULL,NULL,10,763
Bihar,2010,Murder - Total Victims,3. Total,225,3362,44,26,132,1861
Chandigarh,2010,Murder - Total Victims,3. Total,4,22,0,1,0,6
Chhattisgarh,2010,Murder - Total Victims,3. Total,145,1065,13,32,50,358
Dadra & Nagar Haveli,2010,Murder - Total Victims,3. Total,NULL,6,NULL,NULL,NULL,1
Daman & Diu,2010,Murder - Total Victims,3. Total,0,5,0,0,0,4
Delhi,2010,Murder - Total Victims,3. Total,39,577,11,10,18,293
Goa,2010,Murder - Total Victims,3. Total,2,35,0,0,1,14
Gujarat,2010,Murder - Total Victims,3. Total,110,1082,18,46,7,443
Haryana,2010,Murder - Total Victims,3. Total,79,1044,10,6,14,466
Himachal Pradesh,2010,Murder - Total Victims,3. Total,19,133,0,5,3,42
Jammu & Kashmir,2010,Murder - Total Victims,3. Total,22,235,0,1,0,106
Jharkhand,2010,Murder - Total Victims,3. Total,77,1752,2,4,2,1036
Karnataka,2010,Murder - Total Victims,3. Total,187,1878,6,45,9,858
Kerala,2010,Murder - Total Victims,3. Total,82,405,9,39,1,84
Madhya Pradesh,2010,Murder - Total Victims,3. Total,304,2441,40,55,49,978
Maharashtra,2010,Murder - Total Victims,3. Total,322,2837,34,169,34,1222
Manipur,2010,Murder - Total Victims,3. Total,9,101,2,0,0,31
Meghalaya,2010,Murder - Total Victims,3. Total,10,137,0,1,1,69
Mizoram,2010,Murder - Total Victims,3. Total,9,48,0,0,2,8
Nagaland,2010,Murder - Total Victims,3. Total,10,47,0,0,0,20
Odisha,2010,Murder - Total Victims,3. Total,104,1319,0,10,2,566
Puducherry,2010,Murder - Total Victims,3. Total,8,34,NULL,NULL,NULL,13
Punjab,2010,Murder - Total Victims,3. Total,86,945,9,21,18,384
Rajasthan,2010,Murder - Total Victims,3. Total,135,1421,22,29,42,567
Sikkim,2010,Murder - Total Victims,3. Total,3,17,1,2,NULL,4
Tamil Nadu,2010,Murder - Total Victims,3. Total,327,1908,13,63,16,650
Tripura,2010,Murder - Total Victims,3. Total,24,159,2,0,0,60
Uttar Pradesh,2010,Murder - Total Victims,3. Total,344,4456,82,138,126,2358
Uttarakhand,2010,Murder - Total Victims,3. Total,19,176,1,NULL,2,91
West Bengal,2010,Murder - Total Victims,3. Total,120,2415,8,2,6,1177
